{"cameraMode":{"drawMode":0,"name":"Shaded","section":"Shading Mode"},"sceneLighting":true,"audioPlay":false,"sceneViewState":{"showFog":true,"showMaterialUpdate":false,"showSkybox":true,"showFlares":true,"showImageEffects":true,"showParticleSystems":true},"in2DMode":false,"pivot":{"x":-30.52694320678711,"y":2.43143367767334,"z":-23.83651351928711},"rotation":{"x":-0.01833990402519703,"y":0.9121733903884888,"z":-0.041076891124248508,"w":-0.40735024213790896},"size":23.55620765686035,"orthographic":false}